Year,Supplier_ID,AnnualUnits,Avg_LeadTime,Avg_LeadTime_CV
2024,SUP_7,248830.00,7.560000,0.6
2024,SUP_10,197242.00,7.410000,0.51
2024,SUP_8,205407.00,8.500000,0.49
2024,SUP_2,190999.00,8.420000,0.49
2024,SUP_5,168145.00,6.960000,0.49
2024,SUP_3,168017.00,8.260000,0.49
2024,SUP_9,117259.00,8.190000,0.46
2024,SUP_6,146684.00,7.900000,0.45
2024,SUP_1,204249.00,8.110000,0.44
2024,SUP_4,183147.00,8.640000,0.38
